{"azure.microsoft.com": {"hop_count": 13, "avg_rtt_ms": 159.02939209571252, "max_rtt_ms": 1954.0889263153076, "min_rtt_ms": 3.076791763305664, "success_rate": 100.0, "packet_loss": 0.0}, "storage.googleapis.com": {"hop_count": 12, "avg_rtt_ms": 53.14662059148153, "max_rtt_ms": 557.304859161377, "min_rtt_ms": 3.0019283294677734, "success_rate": 100.0, "packet_loss": 0.0}, "hop_data": {"azure.microsoft.com": {"ttls": [1, 2, 3, 4, 5, 6, 7, 8, 9, 10, 11, 12, 13], "rtts": [3.5240650177001953, 3.1418800354003906, 3.7450790405273438, 3.076791763305664, 1954.0889263153076, 5.034446716308594, 8.793115615844727, 10.210752487182617, 9.979724884033203, 20.00713348388672, 15.806913375854492, 15.087127685546875, 14.886140823364258], "ips": ["10.228.224.5", "10.229.66.158", "10.229.66.172", "10.229.66.26", "127.0.0.1", "2.50.17.2", "10.246.255.30", "195.229.4.68", "195.229.1.163", "91.73.135.65", "10.100.136.158", "10.100.136.158", "23.194.194.34"]}, "storage.googleapis.com": {"ttls": [1, 2, 3, 4, 5, 6, 7, 8, 9, 10, 11, 12], "rtts": [3.8018226623535156, 3.548860549926758, 3.973722457885742, 3.0019283294677734, 557.304859161377, 4.863977432250977, 6.745100021362305, 11.335134506225586, 13.79704475402832, 10.703086853027344, 9.186029434204102, 9.497880935668945], "ips": ["10.228.224.5", "10.229.66.158", "10.229.66.172", "10.229.66.26", "127.0.0.1", "2.50.17.2", "10.246.255.29", "195.229.4.64", "195.229.5.103", "209.85.241.201", "142.251.51.59", "142.250.181.155"]}}}