,hop_count,avg_rtt_ms,max_rtt_ms,min_rtt_ms,success_rate,packet_loss
s3.amazonaws.com,11,63.2848089391535,253.3259391784668,3.21197509765625,52.38095238095239,32.25806451612903
azure.microsoft.com,13,9.458340131319487,17.12179183959961,3.5071372985839844,100.0,0.0
storage.googleapis.com,12,6.428579489390056,11.207103729248047,3.0481815338134766,100.0,0.0
