,hop_count,avg_rtt_ms,max_rtt_ms,min_rtt_ms,success_rate,packet_loss
s3.amazonaws.com,28,24.565245423998153,217.75293350219727,0.09512901306152344,87.5,11.11111111111111
azure.microsoft.com,26,1.564172598031851,7.807016372680664,0.011682510375976562,100.0,0.0
storage.googleapis.com,21,1.3342471349807012,3.6749839782714844,0.2849102020263672,100.0,0.0
